Productname,march,april,may,june,july,Totalsale,Average,Max,Min
Colgate,400,500,350,299,600,2149,358.1666666666667,600,299
Hp laptop,3,3,5,8,10,29,4.833333333333333,10,3
smart phone,4,4,4,4,4,20,3.3333333333333335,4,4
aaaaaaaa,56,89,98,98,89,430,86.0,98,56
dfsd,3,4,5,4,4,20,4.0,5,3
